ID,Agent,Task,Intention,Action,Label
1,Agent39,Task22,I will complete task22.,I completed task22.,0
2,Agent29,Task43,I will complete task43.,I did not complete task43.,1
3,Agent15,Task15,I will complete task15.,I completed task15.,0
4,Agent43,Task22,I won’t complete task22.,I completed task22.,1
5,Agent8,Task37,I will complete task37.,I did not complete task37.,1
6,Agent21,Task42,I won’t complete task42.,I did not complete task42.,0
7,Agent39,Task12,I won’t complete task12.,I did not complete task12.,0
8,Agent19,Task47,I will complete task47.,I did not complete task47.,1
9,Agent23,Task49,I won’t complete task49.,I completed task49.,1
10,Agent11,Task42,I won’t complete task42.,I completed task42.,1
11,Agent11,Task38,I won’t complete task38.,I did not complete task38.,0
12,Agent24,Task18,I will complete task18.,I completed task18.,0
13,Agent36,Task45,I won’t complete task45.,I did not complete task45.,0
14,Agent40,Task35,I won’t complete task35.,I did not complete task35.,0
15,Agent24,Task30,I won’t complete task30.,I completed task30.,1
16,Agent3,Task24,I will complete task24.,I did not complete task24.,1
17,Agent22,Task42,I won’t complete task42.,I completed task42.,1
18,Agent2,Task30,I will complete task30.,I completed task30.,0
19,Agent24,Task14,I will complete task14.,I completed task14.,0
20,Agent44,Task6,I will complete task6.,I completed task6.,0
21,Agent30,Task3,I will complete task3.,I did not complete task3.,1
22,Agent38,Task16,I will complete task16.,I completed task16.,0
23,Agent2,Task7,I will complete task7.,I did not complete task7.,1
24,Agent21,Task14,I won’t complete task14.,I did not complete task14.,0
25,Agent33,Task9,I will complete task9.,I did not complete task9.,1
26,Agent12,Task15,I won’t complete task15.,I did not complete task15.,0
27,Agent22,Task21,I won’t complete task21.,I completed task21.,1
28,Agent44,Task35,I will complete task35.,I completed task35.,0
29,Agent25,Task2,I won’t complete task2.,I did not complete task2.,0
30,Agent49,Task27,I won’t complete task27.,I did not complete task27.,0
31,Agent27,Task2,I won’t complete task2.,I completed task2.,1
32,Agent42,Task35,I won’t complete task35.,I did not complete task35.,0
33,Agent28,Task18,I will complete task18.,I completed task18.,0
34,Agent16,Task14,I won’t complete task14.,I did not complete task14.,0
35,Agent15,Task20,I will complete task20.,I completed task20.,0
36,Agent47,Task18,I won’t complete task18.,I did not complete task18.,0
37,Agent44,Task10,I won’t complete task10.,I did not complete task10.,0
38,Agent3,Task25,I will complete task25.,I completed task25.,0
39,Agent37,Task2,I won’t complete task2.,I did not complete task2.,0
40,Agent7,Task25,I won’t complete task25.,I did not complete task25.,0
41,Agent21,Task33,I won’t complete task33.,I completed task33.,1
42,Agent9,Task36,I will complete task36.,I did not complete task36.,1
43,Agent39,Task31,I won’t complete task31.,I completed task31.,1
44,Agent18,Task14,I will complete task14.,I completed task14.,0
45,Agent4,Task1,I won’t complete task1.,I did not complete task1.,0
46,Agent25,Task46,I will complete task46.,I did not complete task46.,1
47,Agent14,Task16,I will complete task16.,I did not complete task16.,1
48,Agent50,Task46,I won’t complete task46.,I did not complete task46.,0
49,Agent9,Task3,I won’t complete task3.,I did not complete task3.,0
50,Agent26,Task35,I will complete task35.,I did not complete task35.,1
51,Agent2,Task41,I will complete task41.,I did not complete task41.,1
52,Agent20,Task6,I won’t complete task6.,I completed task6.,1
53,Agent28,Task25,I will complete task25.,I did not complete task25.,1
54,Agent47,Task13,I won’t complete task13.,I completed task13.,1
55,Agent7,Task34,I won’t complete task34.,I did not complete task34.,0
56,Agent44,Task8,I won’t complete task8.,I did not complete task8.,0
57,Agent8,Task21,I won’t complete task21.,I completed task21.,1
58,Agent47,Task34,I will complete task34.,I did not complete task34.,1
59,Agent35,Task4,I won’t complete task4.,I did not complete task4.,0
60,Agent14,Task25,I will complete task25.,I completed task25.,0
61,Agent17,Task15,I won’t complete task15.,I did not complete task15.,0
62,Agent36,Task4,I will complete task4.,I did not complete task4.,1
63,Agent50,Task45,I won’t complete task45.,I did not complete task45.,0
64,Agent40,Task12,I will complete task12.,I completed task12.,0
65,Agent4,Task32,I will complete task32.,I did not complete task32.,1
66,Agent2,Task32,I won’t complete task32.,I did not complete task32.,0
67,Agent6,Task28,I won’t complete task28.,I did not complete task28.,0
68,Agent42,Task13,I won’t complete task13.,I did not complete task13.,0
69,Agent4,Task31,I won’t complete task31.,I completed task31.,1
70,Agent29,Task14,I will complete task14.,I completed task14.,0
71,Agent18,Task20,I won’t complete task20.,I did not complete task20.,0
72,Agent26,Task18,I will complete task18.,I did not complete task18.,1
73,Agent44,Task29,I will complete task29.,I completed task29.,0
74,Agent34,Task6,I won’t complete task6.,I completed task6.,1
75,Agent10,Task32,I will complete task32.,I did not complete task32.,1
76,Agent36,Task29,I will complete task29.,I completed task29.,0
77,Agent14,Task43,I will complete task43.,I did not complete task43.,1
78,Agent31,Task2,I will complete task2.,I completed task2.,0
79,Agent48,Task23,I won’t complete task23.,I completed task23.,1
80,Agent15,Task19,I won’t complete task19.,I completed task19.,1
81,Agent8,Task31,I won’t complete task31.,I completed task31.,1
82,Agent14,Task5,I won’t complete task5.,I did not complete task5.,0
83,Agent23,Task19,I will complete task19.,I completed task19.,0
84,Agent40,Task34,I will complete task34.,I completed task34.,0
85,Agent21,Task10,I won’t complete task10.,I did not complete task10.,0
86,Agent16,Task25,I won’t complete task25.,I completed task25.,1
87,Agent45,Task2,I won’t complete task2.,I completed task2.,1
88,Agent18,Task11,I will complete task11.,I did not complete task11.,1
89,Agent47,Task50,I won’t complete task50.,I completed task50.,1
90,Agent24,Task31,I won’t complete task31.,I did not complete task31.,0
91,Agent26,Task15,I won’t complete task15.,I did not complete task15.,0
92,Agent25,Task9,I will complete task9.,I did not complete task9.,1
93,Agent45,Task23,I will complete task23.,I did not complete task23.,1
94,Agent41,Task19,I will complete task19.,I completed task19.,0
95,Agent29,Task9,I will complete task9.,I did not complete task9.,1
96,Agent15,Task35,I will complete task35.,I completed task35.,0
97,Agent45,Task21,I will complete task21.,I completed task21.,0
98,Agent1,Task9,I will complete task9.,I completed task9.,0
99,Agent25,Task28,I will complete task28.,I completed task28.,0
100,Agent7,Task46,I won’t complete task46.,I completed task46.,1
101,Agent9,Task7,I won’t complete task7.,I completed task7.,1
102,Agent24,Task16,I will complete task16.,I completed task16.,0
103,Agent1,Task16,I will complete task16.,I completed task16.,0
104,Agent44,Task33,I won’t complete task33.,I completed task33.,1
105,Agent8,Task4,I will complete task4.,I completed task4.,0
106,Agent24,Task4,I will complete task4.,I did not complete task4.,1
107,Agent11,Task39,I will complete task39.,I did not complete task39.,1
108,Agent17,Task40,I won’t complete task40.,I did not complete task40.,0
109,Agent8,Task17,I won’t complete task17.,I completed task17.,1
110,Agent35,Task37,I won’t complete task37.,I did not complete task37.,0
111,Agent35,Task39,I won’t complete task39.,I did not complete task39.,0
112,Agent33,Task29,I won’t complete task29.,I did not complete task29.,0
113,Agent5,Task36,I will complete task36.,I completed task36.,0
114,Agent42,Task38,I won’t complete task38.,I completed task38.,1
115,Agent39,Task39,I will complete task39.,I completed task39.,0
116,Agent41,Task50,I will complete task50.,I completed task50.,0
117,Agent28,Task37,I won’t complete task37.,I did not complete task37.,0
118,Agent7,Task35,I won’t complete task35.,I did not complete task35.,0
119,Agent9,Task7,I will complete task7.,I did not complete task7.,1
120,Agent8,Task27,I will complete task27.,I did not complete task27.,1
121,Agent12,Task28,I will complete task28.,I completed task28.,0
122,Agent34,Task22,I won’t complete task22.,I completed task22.,1
123,Agent33,Task14,I won’t complete task14.,I completed task14.,1
124,Agent48,Task7,I won’t complete task7.,I did not complete task7.,0
125,Agent23,Task37,I won’t complete task37.,I completed task37.,1
126,Agent24,Task22,I won’t complete task22.,I completed task22.,1
127,Agent37,Task5,I will complete task5.,I did not complete task5.,1
128,Agent35,Task2,I won’t complete task2.,I did not complete task2.,0
129,Agent44,Task27,I will complete task27.,I completed task27.,0
130,Agent40,Task21,I will complete task21.,I completed task21.,0
131,Agent22,Task38,I will complete task38.,I completed task38.,0
132,Agent27,Task15,I won’t complete task15.,I completed task15.,1
133,Agent35,Task21,I won’t complete task21.,I completed task21.,1
134,Agent1,Task10,I won’t complete task10.,I completed task10.,1
135,Agent35,Task23,I will complete task23.,I did not complete task23.,1
136,Agent37,Task39,I will complete task39.,I did not complete task39.,1
137,Agent47,Task5,I will complete task5.,I did not complete task5.,1
138,Agent14,Task1,I will complete task1.,I completed task1.,0
139,Agent3,Task13,I will complete task13.,I did not complete task13.,1
140,Agent1,Task21,I will complete task21.,I completed task21.,0
141,Agent5,Task26,I won’t complete task26.,I completed task26.,1
142,Agent26,Task50,I won’t complete task50.,I did not complete task50.,0
143,Agent14,Task45,I won’t complete task45.,I completed task45.,1
144,Agent39,Task21,I won’t complete task21.,I completed task21.,1
145,Agent27,Task18,I will complete task18.,I did not complete task18.,1
146,Agent9,Task37,I will complete task37.,I did not complete task37.,1
147,Agent15,Task45,I won’t complete task45.,I did not complete task45.,0
148,Agent15,Task32,I will complete task32.,I completed task32.,0
149,Agent26,Task36,I won’t complete task36.,I did not complete task36.,0
150,Agent42,Task17,I won’t complete task17.,I did not complete task17.,0
151,Agent13,Task35,I won’t complete task35.,I completed task35.,1
152,Agent32,Task49,I will complete task49.,I did not complete task49.,1
153,Agent39,Task11,I won’t complete task11.,I did not complete task11.,0
154,Agent49,Task21,I won’t complete task21.,I did not complete task21.,0
155,Agent32,Task26,I won’t complete task26.,I completed task26.,1
156,Agent4,Task4,I will complete task4.,I completed task4.,0
157,Agent30,Task34,I will complete task34.,I completed task34.,0
158,Agent37,Task48,I won’t complete task48.,I completed task48.,1
159,Agent23,Task18,I will complete task18.,I did not complete task18.,1
160,Agent39,Task40,I will complete task40.,I completed task40.,0
161,Agent45,Task35,I will complete task35.,I completed task35.,0
162,Agent15,Task41,I will complete task41.,I did not complete task41.,1
163,Agent43,Task29,I will complete task29.,I did not complete task29.,1
164,Agent29,Task29,I will complete task29.,I did not complete task29.,1
165,Agent36,Task38,I will complete task38.,I completed task38.,0
166,Agent13,Task42,I will complete task42.,I completed task42.,0
167,Agent32,Task21,I will complete task21.,I completed task21.,0
168,Agent7,Task42,I will complete task42.,I did not complete task42.,1
169,Agent22,Task13,I won’t complete task13.,I did not complete task13.,0
170,Agent28,Task49,I won’t complete task49.,I completed task49.,1
171,Agent2,Task41,I will complete task41.,I did not complete task41.,1
172,Agent42,Task17,I won’t complete task17.,I did not complete task17.,0
173,Agent45,Task9,I won’t complete task9.,I did not complete task9.,0
174,Agent6,Task41,I will complete task41.,I completed task41.,0
175,Agent28,Task1,I will complete task1.,I did not complete task1.,1
176,Agent28,Task2,I will complete task2.,I did not complete task2.,1
177,Agent44,Task48,I won’t complete task48.,I completed task48.,1
178,Agent44,Task29,I won’t complete task29.,I completed task29.,1
179,Agent20,Task33,I will complete task33.,I did not complete task33.,1
180,Agent30,Task10,I will complete task10.,I did not complete task10.,1
181,Agent11,Task50,I will complete task50.,I completed task50.,0
182,Agent28,Task40,I won’t complete task40.,I completed task40.,1
183,Agent25,Task21,I won’t complete task21.,I did not complete task21.,0
184,Agent39,Task28,I won’t complete task28.,I did not complete task28.,0
185,Agent33,Task11,I won’t complete task11.,I did not complete task11.,0
186,Agent1,Task34,I will complete task34.,I did not complete task34.,1
187,Agent27,Task8,I will complete task8.,I completed task8.,0
188,Agent13,Task22,I will complete task22.,I did not complete task22.,1
189,Agent41,Task8,I will complete task8.,I did not complete task8.,1
190,Agent3,Task49,I won’t complete task49.,I completed task49.,1
191,Agent39,Task15,I won’t complete task15.,I did not complete task15.,0
192,Agent6,Task17,I will complete task17.,I completed task17.,0
193,Agent8,Task23,I will complete task23.,I did not complete task23.,1
194,Agent27,Task24,I won’t complete task24.,I did not complete task24.,0
195,Agent9,Task45,I will complete task45.,I completed task45.,0
196,Agent37,Task19,I won’t complete task19.,I completed task19.,1
197,Agent33,Task5,I will complete task5.,I did not complete task5.,1
198,Agent42,Task32,I will complete task32.,I did not complete task32.,1
199,Agent44,Task44,I will complete task44.,I did not complete task44.,1
200,Agent24,Task1,I will complete task1.,I completed task1.,0
201,Agent15,Task23,I will complete task23.,I did not complete task23.,1
202,Agent32,Task37,I will complete task37.,I completed task37.,0
203,Agent32,Task8,I will complete task8.,I completed task8.,0
204,Agent24,Task13,I won’t complete task13.,I did not complete task13.,0
205,Agent41,Task8,I won’t complete task8.,I completed task8.,1
206,Agent49,Task23,I won’t complete task23.,I did not complete task23.,0
207,Agent49,Task43,I won’t complete task43.,I did not complete task43.,0
208,Agent12,Task1,I won’t complete task1.,I did not complete task1.,0
209,Agent39,Task45,I will complete task45.,I did not complete task45.,1
210,Agent2,Task24,I will complete task24.,I did not complete task24.,1
211,Agent3,Task35,I won’t complete task35.,I completed task35.,1
212,Agent49,Task24,I will complete task24.,I completed task24.,0
213,Agent37,Task17,I won’t complete task17.,I did not complete task17.,0
214,Agent49,Task5,I won’t complete task5.,I did not complete task5.,0
215,Agent17,Task20,I will complete task20.,I completed task20.,0
216,Agent49,Task21,I will complete task21.,I completed task21.,0
217,Agent2,Task40,I will complete task40.,I completed task40.,0
218,Agent2,Task31,I won’t complete task31.,I completed task31.,1
219,Agent28,Task46,I will complete task46.,I did not complete task46.,1
220,Agent23,Task36,I won’t complete task36.,I did not complete task36.,0
221,Agent37,Task11,I won’t complete task11.,I completed task11.,1
222,Agent32,Task15,I won’t complete task15.,I did not complete task15.,0
223,Agent33,Task19,I will complete task19.,I completed task19.,0
224,Agent1,Task7,I will complete task7.,I did not complete task7.,1
225,Agent19,Task28,I won’t complete task28.,I completed task28.,1
226,Agent2,Task43,I will complete task43.,I did not complete task43.,1
227,Agent44,Task5,I will complete task5.,I completed task5.,0
228,Agent26,Task5,I will complete task5.,I completed task5.,0
229,Agent32,Task30,I won’t complete task30.,I did not complete task30.,0
230,Agent6,Task32,I won’t complete task32.,I completed task32.,1
231,Agent32,Task8,I will complete task8.,I did not complete task8.,1
232,Agent4,Task10,I won’t complete task10.,I did not complete task10.,0
233,Agent11,Task38,I will complete task38.,I completed task38.,0
234,Agent17,Task47,I will complete task47.,I did not complete task47.,1
235,Agent38,Task32,I will complete task32.,I did not complete task32.,1
236,Agent24,Task48,I will complete task48.,I did not complete task48.,1
237,Agent5,Task28,I won’t complete task28.,I did not complete task28.,0
238,Agent34,Task17,I won’t complete task17.,I did not complete task17.,0
239,Agent6,Task31,I won’t complete task31.,I completed task31.,1
240,Agent22,Task8,I will complete task8.,I did not complete task8.,1
241,Agent11,Task40,I will complete task40.,I did not complete task40.,1
242,Agent48,Task25,I will complete task25.,I did not complete task25.,1
243,Agent16,Task9,I won’t complete task9.,I did not complete task9.,0
244,Agent33,Task2,I will complete task2.,I did not complete task2.,1
245,Agent9,Task15,I won’t complete task15.,I completed task15.,1
246,Agent6,Task50,I won’t complete task50.,I did not complete task50.,0
247,Agent16,Task3,I won’t complete task3.,I completed task3.,1
248,Agent29,Task49,I won’t complete task49.,I completed task49.,1
249,Agent3,Task36,I won’t complete task36.,I completed task36.,1
250,Agent20,Task4,I won’t complete task4.,I completed task4.,1
251,Agent36,Task14,I will complete task14.,I did not complete task14.,1
252,Agent19,Task41,I will complete task41.,I completed task41.,0
253,Agent26,Task41,I won’t complete task41.,I completed task41.,1
254,Agent3,Task25,I won’t complete task25.,I did not complete task25.,0
255,Agent19,Task50,I will complete task50.,I did not complete task50.,1
256,Agent20,Task10,I won’t complete task10.,I did not complete task10.,0
257,Agent32,Task21,I won’t complete task21.,I completed task21.,1
258,Agent7,Task36,I will complete task36.,I did not complete task36.,1
259,Agent41,Task12,I won’t complete task12.,I did not complete task12.,0
260,Agent33,Task27,I won’t complete task27.,I completed task27.,1
261,Agent40,Task40,I won’t complete task40.,I did not complete task40.,0
262,Agent39,Task2,I will complete task2.,I did not complete task2.,1
263,Agent18,Task13,I will complete task13.,I did not complete task13.,1
264,Agent40,Task32,I will complete task32.,I did not complete task32.,1
265,Agent1,Task31,I won’t complete task31.,I completed task31.,1
266,Agent11,Task16,I won’t complete task16.,I did not complete task16.,0
267,Agent28,Task32,I will complete task32.,I did not complete task32.,1
268,Agent25,Task32,I won’t complete task32.,I completed task32.,1
269,Agent50,Task34,I won’t complete task34.,I did not complete task34.,0
270,Agent23,Task11,I won’t complete task11.,I completed task11.,1
271,Agent31,Task10,I won’t complete task10.,I did not complete task10.,0
272,Agent30,Task15,I won’t complete task15.,I completed task15.,1
273,Agent42,Task17,I will complete task17.,I completed task17.,0
274,Agent35,Task40,I won’t complete task40.,I completed task40.,1
275,Agent7,Task18,I will complete task18.,I completed task18.,0
276,Agent16,Task9,I won’t complete task9.,I did not complete task9.,0
277,Agent26,Task25,I will complete task25.,I completed task25.,0
278,Agent48,Task40,I won’t complete task40.,I did not complete task40.,0
279,Agent49,Task14,I will complete task14.,I completed task14.,0
280,Agent2,Task25,I won’t complete task25.,I completed task25.,1
281,Agent1,Task50,I will complete task50.,I completed task50.,0
282,Agent48,Task22,I won’t complete task22.,I did not complete task22.,0
283,Agent12,Task30,I will complete task30.,I completed task30.,0
284,Agent5,Task20,I won’t complete task20.,I did not complete task20.,0
285,Agent37,Task21,I will complete task21.,I did not complete task21.,1
286,Agent32,Task44,I will complete task44.,I did not complete task44.,1
287,Agent9,Task32,I won’t complete task32.,I did not complete task32.,0
288,Agent41,Task46,I won’t complete task46.,I did not complete task46.,0
289,Agent35,Task49,I will complete task49.,I did not complete task49.,1
290,Agent19,Task21,I won’t complete task21.,I did not complete task21.,0
291,Agent48,Task35,I will complete task35.,I did not complete task35.,1
292,Agent16,Task32,I will complete task32.,I did not complete task32.,1
293,Agent3,Task30,I will complete task30.,I completed task30.,0
294,Agent20,Task39,I won’t complete task39.,I completed task39.,1
295,Agent24,Task49,I will complete task49.,I completed task49.,0
296,Agent33,Task12,I will complete task12.,I completed task12.,0
297,Agent24,Task41,I won’t complete task41.,I completed task41.,1
298,Agent11,Task47,I won’t complete task47.,I did not complete task47.,0
299,Agent49,Task18,I won’t complete task18.,I did not complete task18.,0
300,Agent8,Task21,I won’t complete task21.,I did not complete task21.,0
301,Agent36,Task13,I will complete task13.,I did not complete task13.,1
302,Agent38,Task21,I will complete task21.,I did not complete task21.,1
303,Agent40,Task8,I will complete task8.,I did not complete task8.,1
304,Agent20,Task46,I will complete task46.,I did not complete task46.,1
305,Agent35,Task40,I won’t complete task40.,I completed task40.,1
306,Agent48,Task46,I will complete task46.,I completed task46.,0
307,Agent25,Task7,I will complete task7.,I completed task7.,0
308,Agent35,Task23,I won’t complete task23.,I completed task23.,1
309,Agent25,Task44,I will complete task44.,I did not complete task44.,1
310,Agent29,Task32,I will complete task32.,I did not complete task32.,1
311,Agent18,Task11,I will complete task11.,I did not complete task11.,1
312,Agent46,Task22,I will complete task22.,I completed task22.,0
313,Agent18,Task22,I will complete task22.,I did not complete task22.,1
314,Agent2,Task43,I will complete task43.,I did not complete task43.,1
315,Agent35,Task25,I won’t complete task25.,I did not complete task25.,0
316,Agent16,Task22,I won’t complete task22.,I completed task22.,1
317,Agent41,Task28,I will complete task28.,I did not complete task28.,1
318,Agent36,Task29,I will complete task29.,I completed task29.,0
319,Agent33,Task13,I won’t complete task13.,I completed task13.,1
320,Agent4,Task18,I will complete task18.,I completed task18.,0
321,Agent33,Task2,I will complete task2.,I completed task2.,0
322,Agent14,Task29,I will complete task29.,I did not complete task29.,1
323,Agent21,Task21,I won’t complete task21.,I completed task21.,1
324,Agent48,Task15,I will complete task15.,I completed task15.,0
325,Agent20,Task27,I won’t complete task27.,I did not complete task27.,0
326,Agent8,Task50,I will complete task50.,I did not complete task50.,1
327,Agent7,Task31,I won’t complete task31.,I completed task31.,1
328,Agent3,Task15,I won’t complete task15.,I did not complete task15.,0
329,Agent17,Task23,I will complete task23.,I completed task23.,0
330,Agent33,Task24,I won’t complete task24.,I completed task24.,1
331,Agent48,Task44,I will complete task44.,I completed task44.,0
332,Agent12,Task13,I won’t complete task13.,I completed task13.,1
333,Agent22,Task22,I will complete task22.,I did not complete task22.,1
334,Agent22,Task43,I will complete task43.,I completed task43.,0
335,Agent46,Task37,I won’t complete task37.,I did not complete task37.,0
336,Agent30,Task33,I will complete task33.,I did not complete task33.,1
337,Agent38,Task3,I will complete task3.,I did not complete task3.,1
338,Agent38,Task19,I won’t complete task19.,I did not complete task19.,0
339,Agent45,Task23,I will complete task23.,I completed task23.,0
340,Agent8,Task29,I will complete task29.,I did not complete task29.,1
341,Agent27,Task30,I won’t complete task30.,I completed task30.,1
342,Agent27,Task39,I won’t complete task39.,I did not complete task39.,0
343,Agent34,Task44,I will complete task44.,I did not complete task44.,1
344,Agent21,Task47,I will complete task47.,I completed task47.,0
345,Agent30,Task25,I won’t complete task25.,I completed task25.,1
346,Agent33,Task37,I won’t complete task37.,I completed task37.,1
347,Agent28,Task47,I will complete task47.,I did not complete task47.,1
348,Agent47,Task8,I won’t complete task8.,I did not complete task8.,0
349,Agent33,Task42,I will complete task42.,I completed task42.,0
350,Agent5,Task16,I will complete task16.,I completed task16.,0
351,Agent48,Task8,I will complete task8.,I completed task8.,0
352,Agent19,Task1,I will complete task1.,I completed task1.,0
353,Agent4,Task44,I will complete task44.,I did not complete task44.,1
354,Agent35,Task5,I won’t complete task5.,I completed task5.,1
355,Agent49,Task3,I won’t complete task3.,I completed task3.,1
356,Agent17,Task1,I won’t complete task1.,I completed task1.,1
357,Agent44,Task4,I won’t complete task4.,I completed task4.,1
358,Agent28,Task40,I will complete task40.,I did not complete task40.,1
359,Agent30,Task35,I will complete task35.,I completed task35.,0
360,Agent29,Task32,I will complete task32.,I did not complete task32.,1
361,Agent46,Task42,I will complete task42.,I completed task42.,0
362,Agent6,Task34,I won’t complete task34.,I completed task34.,1
363,Agent35,Task43,I will complete task43.,I did not complete task43.,1
364,Agent41,Task25,I will complete task25.,I completed task25.,0
365,Agent37,Task10,I won’t complete task10.,I did not complete task10.,0
366,Agent24,Task21,I won’t complete task21.,I did not complete task21.,0
367,Agent29,Task46,I won’t complete task46.,I completed task46.,1
368,Agent49,Task39,I won’t complete task39.,I did not complete task39.,0
369,Agent46,Task27,I will complete task27.,I did not complete task27.,1
370,Agent31,Task27,I will complete task27.,I did not complete task27.,1
371,Agent35,Task2,I won’t complete task2.,I did not complete task2.,0
372,Agent33,Task41,I will complete task41.,I did not complete task41.,1
373,Agent21,Task48,I will complete task48.,I did not complete task48.,1
374,Agent32,Task13,I will complete task13.,I did not complete task13.,1
375,Agent23,Task9,I won’t complete task9.,I did not complete task9.,0
376,Agent33,Task36,I will complete task36.,I completed task36.,0
377,Agent3,Task22,I won’t complete task22.,I completed task22.,1
378,Agent18,Task42,I will complete task42.,I did not complete task42.,1
379,Agent25,Task26,I will complete task26.,I completed task26.,0
380,Agent42,Task12,I will complete task12.,I did not complete task12.,1
381,Agent31,Task17,I won’t complete task17.,I did not complete task17.,0
382,Agent3,Task14,I will complete task14.,I completed task14.,0
383,Agent40,Task14,I won’t complete task14.,I did not complete task14.,0
384,Agent46,Task34,I won’t complete task34.,I did not complete task34.,0
385,Agent24,Task20,I won’t complete task20.,I did not complete task20.,0
386,Agent50,Task11,I will complete task11.,I did not complete task11.,1
387,Agent32,Task16,I will complete task16.,I completed task16.,0
388,Agent47,Task31,I will complete task31.,I did not complete task31.,1
389,Agent22,Task6,I will complete task6.,I did not complete task6.,1
390,Agent23,Task19,I won’t complete task19.,I did not complete task19.,0
391,Agent2,Task37,I won’t complete task37.,I completed task37.,1
392,Agent27,Task4,I won’t complete task4.,I did not complete task4.,0
393,Agent42,Task47,I will complete task47.,I completed task47.,0
394,Agent2,Task4,I won’t complete task4.,I completed task4.,1
395,Agent26,Task20,I will complete task20.,I did not complete task20.,1
396,Agent17,Task10,I won’t complete task10.,I did not complete task10.,0
397,Agent40,Task24,I will complete task24.,I completed task24.,0
398,Agent33,Task35,I will complete task35.,I did not complete task35.,1
399,Agent9,Task26,I won’t complete task26.,I completed task26.,1
400,Agent43,Task37,I won’t complete task37.,I completed task37.,1
401,Agent48,Task38,I won’t complete task38.,I did not complete task38.,0
402,Agent39,Task21,I won’t complete task21.,I did not complete task21.,0
403,Agent29,Task40,I will complete task40.,I completed task40.,0
404,Agent42,Task39,I won’t complete task39.,I completed task39.,1
405,Agent26,Task21,I won’t complete task21.,I completed task21.,1
406,Agent35,Task10,I won’t complete task10.,I completed task10.,1
407,Agent50,Task38,I will complete task38.,I did not complete task38.,1
408,Agent25,Task46,I will complete task46.,I did not complete task46.,1
409,Agent24,Task4,I won’t complete task4.,I did not complete task4.,0
410,Agent13,Task45,I will complete task45.,I did not complete task45.,1
411,Agent7,Task20,I won’t complete task20.,I did not complete task20.,0
412,Agent36,Task17,I will complete task17.,I completed task17.,0
413,Agent45,Task7,I will complete task7.,I did not complete task7.,1
414,Agent20,Task4,I will complete task4.,I did not complete task4.,1
415,Agent1,Task29,I will complete task29.,I did not complete task29.,1
416,Agent8,Task14,I won’t complete task14.,I did not complete task14.,0
417,Agent46,Task3,I won’t complete task3.,I did not complete task3.,0
418,Agent16,Task24,I won’t complete task24.,I completed task24.,1
419,Agent14,Task37,I will complete task37.,I completed task37.,0
420,Agent12,Task16,I won’t complete task16.,I completed task16.,1
421,Agent23,Task4,I won’t complete task4.,I did not complete task4.,0
422,Agent15,Task24,I won’t complete task24.,I completed task24.,1
423,Agent28,Task34,I will complete task34.,I completed task34.,0
424,Agent34,Task30,I will complete task30.,I did not complete task30.,1
425,Agent2,Task18,I will complete task18.,I did not complete task18.,1
426,Agent32,Task19,I won’t complete task19.,I did not complete task19.,0
427,Agent23,Task31,I won’t complete task31.,I completed task31.,1
428,Agent22,Task19,I won’t complete task19.,I completed task19.,1
429,Agent25,Task49,I will complete task49.,I did not complete task49.,1
430,Agent22,Task46,I will complete task46.,I did not complete task46.,1
431,Agent22,Task19,I won’t complete task19.,I completed task19.,1
432,Agent49,Task22,I will complete task22.,I completed task22.,0
433,Agent42,Task24,I will complete task24.,I did not complete task24.,1
434,Agent6,Task45,I will complete task45.,I did not complete task45.,1
435,Agent15,Task12,I will complete task12.,I completed task12.,0
436,Agent43,Task30,I won’t complete task30.,I did not complete task30.,0
437,Agent37,Task38,I will complete task38.,I completed task38.,0
438,Agent33,Task31,I will complete task31.,I completed task31.,0
439,Agent8,Task36,I will complete task36.,I completed task36.,0
440,Agent44,Task19,I will complete task19.,I completed task19.,0
441,Agent44,Task48,I won’t complete task48.,I did not complete task48.,0
442,Agent5,Task45,I won’t complete task45.,I did not complete task45.,0
443,Agent39,Task36,I will complete task36.,I completed task36.,0
444,Agent4,Task30,I will complete task30.,I completed task30.,0
445,Agent6,Task49,I will complete task49.,I completed task49.,0
446,Agent45,Task33,I will complete task33.,I completed task33.,0
447,Agent32,Task18,I will complete task18.,I completed task18.,0
448,Agent30,Task49,I will complete task49.,I did not complete task49.,1
449,Agent47,Task28,I won’t complete task28.,I did not complete task28.,0
450,Agent35,Task47,I will complete task47.,I did not complete task47.,1
451,Agent40,Task11,I won’t complete task11.,I did not complete task11.,0
452,Agent16,Task45,I won’t complete task45.,I completed task45.,1
453,Agent13,Task33,I will complete task33.,I completed task33.,0
454,Agent50,Task17,I won’t complete task17.,I completed task17.,1
455,Agent42,Task6,I won’t complete task6.,I completed task6.,1
456,Agent30,Task4,I won’t complete task4.,I completed task4.,1
457,Agent19,Task20,I won’t complete task20.,I did not complete task20.,0
458,Agent17,Task48,I won’t complete task48.,I completed task48.,1
459,Agent19,Task47,I won’t complete task47.,I did not complete task47.,0
460,Agent28,Task27,I will complete task27.,I did not complete task27.,1
461,Agent26,Task15,I won’t complete task15.,I did not complete task15.,0
462,Agent37,Task6,I won’t complete task6.,I did not complete task6.,0
463,Agent26,Task47,I won’t complete task47.,I completed task47.,1
464,Agent23,Task14,I will complete task14.,I did not complete task14.,1
465,Agent9,Task11,I won’t complete task11.,I did not complete task11.,0
466,Agent12,Task39,I will complete task39.,I did not complete task39.,1
467,Agent1,Task9,I won’t complete task9.,I completed task9.,1
468,Agent1,Task26,I will complete task26.,I completed task26.,0
469,Agent47,Task16,I will complete task16.,I completed task16.,0
470,Agent34,Task5,I won’t complete task5.,I did not complete task5.,0
471,Agent32,Task10,I won’t complete task10.,I did not complete task10.,0
472,Agent48,Task50,I will complete task50.,I completed task50.,0
473,Agent25,Task3,I won’t complete task3.,I did not complete task3.,0
474,Agent40,Task13,I will complete task13.,I completed task13.,0
475,Agent45,Task43,I will complete task43.,I completed task43.,0
476,Agent1,Task49,I will complete task49.,I did not complete task49.,1
477,Agent16,Task30,I will complete task30.,I did not complete task30.,1
478,Agent39,Task45,I will complete task45.,I did not complete task45.,1
479,Agent5,Task6,I won’t complete task6.,I did not complete task6.,0
480,Agent22,Task17,I will complete task17.,I completed task17.,0
481,Agent29,Task45,I will complete task45.,I completed task45.,0
482,Agent3,Task19,I won’t complete task19.,I completed task19.,1
483,Agent12,Task42,I will complete task42.,I completed task42.,0
484,Agent26,Task35,I won’t complete task35.,I completed task35.,1
485,Agent16,Task46,I won’t complete task46.,I did not complete task46.,0
486,Agent37,Task26,I won’t complete task26.,I completed task26.,1
487,Agent22,Task5,I will complete task5.,I completed task5.,0
488,Agent29,Task29,I will complete task29.,I completed task29.,0
489,Agent14,Task37,I will complete task37.,I did not complete task37.,1
490,Agent28,Task20,I won’t complete task20.,I did not complete task20.,0
491,Agent5,Task49,I will complete task49.,I did not complete task49.,1
492,Agent47,Task21,I won’t complete task21.,I did not complete task21.,0
493,Agent49,Task10,I will complete task10.,I completed task10.,0
494,Agent30,Task5,I won’t complete task5.,I completed task5.,1
495,Agent46,Task36,I will complete task36.,I did not complete task36.,1
496,Agent5,Task6,I will complete task6.,I did not complete task6.,1
497,Agent12,Task26,I will complete task26.,I completed task26.,0
498,Agent16,Task4,I won’t complete task4.,I completed task4.,1
499,Agent26,Task39,I won’t complete task39.,I did not complete task39.,0
500,Agent26,Task39,I will complete task39.,I did not complete task39.,1
501,Agent48,Task50,I will complete task50.,I did not complete task50.,1
502,Agent21,Task35,I won’t complete task35.,I did not complete task35.,0
503,Agent39,Task1,I won’t complete task1.,I completed task1.,1
504,Agent36,Task24,I won’t complete task24.,I completed task24.,1
505,Agent33,Task36,I will complete task36.,I completed task36.,0
506,Agent30,Task6,I won’t complete task6.,I did not complete task6.,0
507,Agent37,Task41,I will complete task41.,I did not complete task41.,1
508,Agent23,Task46,I won’t complete task46.,I completed task46.,1
509,Agent10,Task44,I will complete task44.,I completed task44.,0
510,Agent5,Task31,I won’t complete task31.,I completed task31.,1
511,Agent36,Task20,I won’t complete task20.,I completed task20.,1
512,Agent34,Task24,I won’t complete task24.,I did not complete task24.,0
513,Agent31,Task25,I won’t complete task25.,I completed task25.,1
514,Agent10,Task36,I won’t complete task36.,I completed task36.,1
515,Agent19,Task21,I will complete task21.,I completed task21.,0
516,Agent32,Task30,I won’t complete task30.,I completed task30.,1
517,Agent1,Task24,I won’t complete task24.,I completed task24.,1
518,Agent5,Task44,I won’t complete task44.,I completed task44.,1
519,Agent45,Task42,I will complete task42.,I completed task42.,0
520,Agent4,Task30,I won’t complete task30.,I did not complete task30.,0
521,Agent16,Task22,I will complete task22.,I did not complete task22.,1
522,Agent24,Task28,I won’t complete task28.,I did not complete task28.,0
523,Agent16,Task7,I won’t complete task7.,I did not complete task7.,0
524,Agent2,Task35,I will complete task35.,I completed task35.,0
525,Agent49,Task28,I won’t complete task28.,I did not complete task28.,0
526,Agent28,Task14,I will complete task14.,I did not complete task14.,1
527,Agent32,Task10,I will complete task10.,I completed task10.,0
528,Agent27,Task16,I won’t complete task16.,I completed task16.,1
529,Agent20,Task16,I will complete task16.,I did not complete task16.,1
530,Agent24,Task31,I won’t complete task31.,I did not complete task31.,0
531,Agent12,Task42,I won’t complete task42.,I completed task42.,1
532,Agent50,Task25,I will complete task25.,I did not complete task25.,1
533,Agent35,Task13,I will complete task13.,I completed task13.,0
534,Agent33,Task6,I will complete task6.,I completed task6.,0
535,Agent33,Task44,I will complete task44.,I completed task44.,0
536,Agent43,Task9,I won’t complete task9.,I completed task9.,1
537,Agent37,Task45,I won’t complete task45.,I did not complete task45.,0
538,Agent12,Task36,I will complete task36.,I completed task36.,0
539,Agent3,Task43,I won’t complete task43.,I completed task43.,1
540,Agent1,Task20,I won’t complete task20.,I did not complete task20.,0
541,Agent33,Task18,I won’t complete task18.,I completed task18.,1
542,Agent40,Task43,I won’t complete task43.,I did not complete task43.,0
543,Agent10,Task21,I will complete task21.,I did not complete task21.,1
544,Agent43,Task4,I will complete task4.,I did not complete task4.,1
545,Agent44,Task50,I won’t complete task50.,I completed task50.,1
546,Agent29,Task33,I will complete task33.,I did not complete task33.,1
547,Agent13,Task27,I will complete task27.,I did not complete task27.,1
548,Agent12,Task7,I will complete task7.,I completed task7.,0
549,Agent31,Task6,I won’t complete task6.,I did not complete task6.,0
550,Agent46,Task15,I won’t complete task15.,I did not complete task15.,0
551,Agent2,Task18,I won’t complete task18.,I did not complete task18.,0
552,Agent50,Task32,I will complete task32.,I did not complete task32.,1
553,Agent35,Task11,I won’t complete task11.,I did not complete task11.,0
554,Agent23,Task20,I won’t complete task20.,I completed task20.,1
555,Agent17,Task24,I will complete task24.,I did not complete task24.,1
556,Agent26,Task15,I won’t complete task15.,I did not complete task15.,0
557,Agent8,Task48,I won’t complete task48.,I completed task48.,1
558,Agent29,Task7,I will complete task7.,I completed task7.,0
559,Agent26,Task21,I will complete task21.,I completed task21.,0
560,Agent10,Task42,I will complete task42.,I did not complete task42.,1
561,Agent26,Task26,I won’t complete task26.,I completed task26.,1
562,Agent34,Task44,I won’t complete task44.,I did not complete task44.,0
563,Agent41,Task14,I won’t complete task14.,I did not complete task14.,0
564,Agent7,Task37,I will complete task37.,I completed task37.,0
565,Agent4,Task21,I will complete task21.,I completed task21.,0
566,Agent50,Task18,I won’t complete task18.,I did not complete task18.,0
567,Agent45,Task5,I won’t complete task5.,I completed task5.,1
568,Agent11,Task3,I will complete task3.,I did not complete task3.,1
569,Agent29,Task23,I will complete task23.,I completed task23.,0
570,Agent36,Task26,I will complete task26.,I completed task26.,0
571,Agent25,Task37,I will complete task37.,I completed task37.,0
572,Agent21,Task24,I won’t complete task24.,I did not complete task24.,0
573,Agent36,Task49,I will complete task49.,I completed task49.,0
574,Agent10,Task19,I won’t complete task19.,I did not complete task19.,0
575,Agent37,Task25,I won’t complete task25.,I did not complete task25.,0
576,Agent9,Task21,I won’t complete task21.,I did not complete task21.,0
577,Agent24,Task12,I will complete task12.,I did not complete task12.,1
578,Agent35,Task41,I will complete task41.,I completed task41.,0
579,Agent49,Task33,I will complete task33.,I did not complete task33.,1
580,Agent35,Task50,I will complete task50.,I did not complete task50.,1
581,Agent48,Task4,I won’t complete task4.,I completed task4.,1
582,Agent36,Task42,I will complete task42.,I did not complete task42.,1
583,Agent18,Task7,I will complete task7.,I completed task7.,0
584,Agent49,Task22,I won’t complete task22.,I did not complete task22.,0
585,Agent39,Task33,I will complete task33.,I completed task33.,0
586,Agent32,Task17,I won’t complete task17.,I did not complete task17.,0
587,Agent24,Task24,I won’t complete task24.,I completed task24.,1
588,Agent23,Task34,I won’t complete task34.,I did not complete task34.,0
589,Agent32,Task28,I won’t complete task28.,I did not complete task28.,0
590,Agent37,Task43,I won’t complete task43.,I completed task43.,1
591,Agent12,Task41,I won’t complete task41.,I completed task41.,1
592,Agent49,Task39,I won’t complete task39.,I completed task39.,1
593,Agent13,Task22,I won’t complete task22.,I completed task22.,1
594,Agent23,Task49,I will complete task49.,I did not complete task49.,1
595,Agent25,Task17,I will complete task17.,I did not complete task17.,1
596,Agent35,Task34,I will complete task34.,I completed task34.,0
597,Agent41,Task6,I will complete task6.,I did not complete task6.,1
598,Agent30,Task46,I won’t complete task46.,I completed task46.,1
599,Agent17,Task6,I will complete task6.,I completed task6.,0
600,Agent49,Task34,I won’t complete task34.,I did not complete task34.,0
601,Agent20,Task1,I will complete task1.,I did not complete task1.,1
602,Agent48,Task10,I will complete task10.,I did not complete task10.,1
603,Agent25,Task21,I will complete task21.,I did not complete task21.,1
604,Agent22,Task5,I won’t complete task5.,I did not complete task5.,0
605,Agent13,Task2,I will complete task2.,I did not complete task2.,1
606,Agent19,Task22,I won’t complete task22.,I did not complete task22.,0
607,Agent49,Task48,I won’t complete task48.,I completed task48.,1
608,Agent36,Task2,I will complete task2.,I completed task2.,0
609,Agent12,Task10,I will complete task10.,I completed task10.,0
610,Agent41,Task34,I will complete task34.,I completed task34.,0
611,Agent19,Task16,I won’t complete task16.,I completed task16.,1
612,Agent12,Task48,I will complete task48.,I did not complete task48.,1
613,Agent9,Task39,I won’t complete task39.,I completed task39.,1
614,Agent7,Task22,I won’t complete task22.,I completed task22.,1
615,Agent28,Task12,I will complete task12.,I completed task12.,0
616,Agent14,Task24,I will complete task24.,I completed task24.,0
617,Agent31,Task47,I won’t complete task47.,I completed task47.,1
618,Agent19,Task40,I won’t complete task40.,I completed task40.,1
619,Agent47,Task38,I won’t complete task38.,I completed task38.,1
620,Agent16,Task10,I will complete task10.,I did not complete task10.,1
621,Agent5,Task35,I won’t complete task35.,I did not complete task35.,0
622,Agent35,Task49,I will complete task49.,I completed task49.,0
623,Agent12,Task32,I won’t complete task32.,I did not complete task32.,0
624,Agent25,Task7,I won’t complete task7.,I did not complete task7.,0
625,Agent21,Task21,I will complete task21.,I did not complete task21.,1
626,Agent36,Task20,I won’t complete task20.,I did not complete task20.,0
627,Agent23,Task26,I will complete task26.,I completed task26.,0
628,Agent16,Task4,I will complete task4.,I did not complete task4.,1
629,Agent39,Task46,I won’t complete task46.,I did not complete task46.,0
630,Agent45,Task22,I will complete task22.,I did not complete task22.,1
631,Agent42,Task15,I will complete task15.,I completed task15.,0
632,Agent39,Task40,I won’t complete task40.,I completed task40.,1
633,Agent14,Task21,I will complete task21.,I completed task21.,0
634,Agent31,Task15,I will complete task15.,I completed task15.,0
635,Agent5,Task22,I will complete task22.,I completed task22.,0
636,Agent35,Task28,I won’t complete task28.,I completed task28.,1
637,Agent23,Task14,I will complete task14.,I completed task14.,0
638,Agent29,Task27,I won’t complete task27.,I did not complete task27.,0
639,Agent43,Task41,I won’t complete task41.,I did not complete task41.,0
640,Agent11,Task40,I will complete task40.,I did not complete task40.,1
641,Agent18,Task28,I will complete task28.,I completed task28.,0
642,Agent47,Task26,I will complete task26.,I completed task26.,0
643,Agent12,Task49,I won’t complete task49.,I completed task49.,1
644,Agent9,Task2,I will complete task2.,I completed task2.,0
645,Agent10,Task25,I will complete task25.,I completed task25.,0
646,Agent44,Task3,I will complete task3.,I did not complete task3.,1
647,Agent17,Task8,I will complete task8.,I did not complete task8.,1
648,Agent38,Task44,I will complete task44.,I completed task44.,0
649,Agent7,Task33,I won’t complete task33.,I completed task33.,1
650,Agent46,Task42,I won’t complete task42.,I completed task42.,1
651,Agent13,Task35,I will complete task35.,I completed task35.,0
652,Agent40,Task6,I will complete task6.,I did not complete task6.,1
653,Agent42,Task39,I will complete task39.,I completed task39.,0
654,Agent9,Task23,I will complete task23.,I completed task23.,0
655,Agent50,Task25,I won’t complete task25.,I completed task25.,1
656,Agent27,Task50,I will complete task50.,I completed task50.,0
657,Agent2,Task43,I won’t complete task43.,I did not complete task43.,0
658,Agent5,Task19,I won’t complete task19.,I completed task19.,1
659,Agent29,Task5,I will complete task5.,I completed task5.,0
660,Agent37,Task11,I won’t complete task11.,I did not complete task11.,0
661,Agent38,Task12,I won’t complete task12.,I did not complete task12.,0
662,Agent19,Task10,I won’t complete task10.,I did not complete task10.,0
663,Agent8,Task8,I won’t complete task8.,I completed task8.,1
664,Agent48,Task24,I will complete task24.,I completed task24.,0
665,Agent45,Task28,I will complete task28.,I did not complete task28.,1
666,Agent1,Task41,I won’t complete task41.,I did not complete task41.,0
667,Agent22,Task36,I will complete task36.,I did not complete task36.,1
668,Agent17,Task37,I will complete task37.,I did not complete task37.,1
669,Agent7,Task21,I will complete task21.,I did not complete task21.,1
670,Agent25,Task8,I will complete task8.,I did not complete task8.,1
671,Agent45,Task9,I will complete task9.,I completed task9.,0
672,Agent4,Task47,I won’t complete task47.,I completed task47.,1
673,Agent36,Task15,I will complete task15.,I completed task15.,0
674,Agent6,Task48,I will complete task48.,I did not complete task48.,1
675,Agent31,Task46,I will complete task46.,I did not complete task46.,1
676,Agent19,Task40,I will complete task40.,I did not complete task40.,1
677,Agent44,Task18,I won’t complete task18.,I did not complete task18.,0
678,Agent39,Task42,I won’t complete task42.,I did not complete task42.,0
679,Agent27,Task20,I won’t complete task20.,I did not complete task20.,0
680,Agent10,Task6,I won’t complete task6.,I completed task6.,1
681,Agent26,Task12,I will complete task12.,I completed task12.,0
682,Agent19,Task2,I won’t complete task2.,I did not complete task2.,0
683,Agent39,Task7,I will complete task7.,I completed task7.,0
684,Agent3,Task16,I will complete task16.,I did not complete task16.,1
685,Agent45,Task3,I will complete task3.,I completed task3.,0
686,Agent13,Task45,I will complete task45.,I did not complete task45.,1
687,Agent50,Task3,I will complete task3.,I did not complete task3.,1
688,Agent28,Task27,I won’t complete task27.,I completed task27.,1
689,Agent20,Task50,I won’t complete task50.,I completed task50.,1
690,Agent28,Task43,I won’t complete task43.,I did not complete task43.,0
691,Agent8,Task40,I won’t complete task40.,I did not complete task40.,0
692,Agent41,Task38,I will complete task38.,I completed task38.,0
693,Agent39,Task33,I won’t complete task33.,I completed task33.,1
694,Agent1,Task28,I will complete task28.,I did not complete task28.,1
695,Agent3,Task1,I won’t complete task1.,I completed task1.,1
696,Agent13,Task8,I will complete task8.,I did not complete task8.,1
697,Agent28,Task37,I will complete task37.,I did not complete task37.,1
698,Agent49,Task32,I won’t complete task32.,I did not complete task32.,0
699,Agent25,Task48,I will complete task48.,I did not complete task48.,1
700,Agent33,Task43,I will complete task43.,I completed task43.,0
701,Agent38,Task37,I won’t complete task37.,I completed task37.,1
702,Agent6,Task4,I will complete task4.,I completed task4.,0
703,Agent44,Task30,I won’t complete task30.,I completed task30.,1
704,Agent45,Task6,I won’t complete task6.,I completed task6.,1
705,Agent32,Task46,I won’t complete task46.,I completed task46.,1
706,Agent45,Task19,I will complete task19.,I completed task19.,0
707,Agent47,Task32,I will complete task32.,I did not complete task32.,1
708,Agent21,Task9,I will complete task9.,I completed task9.,0
709,Agent16,Task12,I won’t complete task12.,I completed task12.,1
710,Agent21,Task11,I will complete task11.,I did not complete task11.,1
711,Agent11,Task46,I won’t complete task46.,I completed task46.,1
712,Agent37,Task16,I won’t complete task16.,I completed task16.,1
713,Agent36,Task1,I will complete task1.,I did not complete task1.,1
714,Agent35,Task45,I won’t complete task45.,I completed task45.,1
715,Agent19,Task21,I will complete task21.,I completed task21.,0
716,Agent20,Task30,I will complete task30.,I completed task30.,0
717,Agent18,Task13,I will complete task13.,I did not complete task13.,1
718,Agent47,Task34,I will complete task34.,I completed task34.,0
719,Agent41,Task4,I will complete task4.,I completed task4.,0
720,Agent49,Task28,I won’t complete task28.,I did not complete task28.,0
721,Agent14,Task38,I won’t complete task38.,I completed task38.,1
722,Agent15,Task31,I won’t complete task31.,I did not complete task31.,0
723,Agent31,Task27,I will complete task27.,I did not complete task27.,1
724,Agent1,Task5,I will complete task5.,I completed task5.,0
725,Agent3,Task25,I will complete task25.,I did not complete task25.,1
726,Agent16,Task3,I won’t complete task3.,I did not complete task3.,0
727,Agent23,Task33,I will complete task33.,I completed task33.,0
728,Agent11,Task4,I won’t complete task4.,I did not complete task4.,0
729,Agent12,Task25,I won’t complete task25.,I did not complete task25.,0
730,Agent10,Task20,I will complete task20.,I completed task20.,0
731,Agent32,Task34,I will complete task34.,I completed task34.,0
732,Agent16,Task26,I won’t complete task26.,I completed task26.,1
733,Agent8,Task5,I will complete task5.,I did not complete task5.,1
734,Agent38,Task35,I won’t complete task35.,I completed task35.,1
735,Agent12,Task28,I will complete task28.,I did not complete task28.,1
736,Agent24,Task29,I will complete task29.,I did not complete task29.,1
737,Agent28,Task9,I won’t complete task9.,I did not complete task9.,0
738,Agent8,Task38,I will complete task38.,I did not complete task38.,1
739,Agent28,Task50,I won’t complete task50.,I did not complete task50.,0
740,Agent36,Task6,I will complete task6.,I did not complete task6.,1
741,Agent26,Task19,I won’t complete task19.,I did not complete task19.,0
742,Agent8,Task44,I won’t complete task44.,I completed task44.,1
743,Agent50,Task11,I will complete task11.,I completed task11.,0
744,Agent28,Task2,I won’t complete task2.,I did not complete task2.,0
745,Agent28,Task47,I will complete task47.,I did not complete task47.,1
746,Agent37,Task44,I will complete task44.,I completed task44.,0
747,Agent41,Task44,I will complete task44.,I did not complete task44.,1
748,Agent36,Task9,I won’t complete task9.,I completed task9.,1
749,Agent27,Task21,I won’t complete task21.,I completed task21.,1
750,Agent17,Task24,I will complete task24.,I completed task24.,0
751,Agent9,Task34,I will complete task34.,I did not complete task34.,1
752,Agent33,Task22,I won’t complete task22.,I did not complete task22.,0
753,Agent20,Task3,I will complete task3.,I completed task3.,0
754,Agent13,Task12,I will complete task12.,I completed task12.,0
755,Agent28,Task28,I won’t complete task28.,I completed task28.,1
756,Agent48,Task30,I will complete task30.,I completed task30.,0
757,Agent29,Task26,I won’t complete task26.,I completed task26.,1
758,Agent13,Task48,I will complete task48.,I did not complete task48.,1
759,Agent46,Task21,I won’t complete task21.,I completed task21.,1
760,Agent35,Task28,I will complete task28.,I did not complete task28.,1
761,Agent6,Task26,I will complete task26.,I completed task26.,0
762,Agent18,Task33,I won’t complete task33.,I did not complete task33.,0
763,Agent5,Task21,I will complete task21.,I did not complete task21.,1
764,Agent47,Task35,I won’t complete task35.,I did not complete task35.,0
765,Agent25,Task34,I will complete task34.,I did not complete task34.,1
766,Agent2,Task41,I won’t complete task41.,I did not complete task41.,0
767,Agent10,Task47,I won’t complete task47.,I did not complete task47.,0
768,Agent30,Task18,I won’t complete task18.,I completed task18.,1
769,Agent50,Task11,I won’t complete task11.,I did not complete task11.,0
770,Agent45,Task23,I will complete task23.,I completed task23.,0
771,Agent5,Task48,I will complete task48.,I did not complete task48.,1
772,Agent33,Task22,I won’t complete task22.,I did not complete task22.,0
773,Agent1,Task17,I won’t complete task17.,I completed task17.,1
774,Agent18,Task5,I won’t complete task5.,I did not complete task5.,0
775,Agent32,Task44,I will complete task44.,I completed task44.,0
776,Agent47,Task11,I will complete task11.,I completed task11.,0
777,Agent49,Task30,I will complete task30.,I completed task30.,0
778,Agent11,Task15,I will complete task15.,I completed task15.,0
779,Agent21,Task27,I won’t complete task27.,I did not complete task27.,0
780,Agent26,Task35,I won’t complete task35.,I did not complete task35.,0
781,Agent25,Task33,I won’t complete task33.,I completed task33.,1
782,Agent22,Task20,I will complete task20.,I did not complete task20.,1
783,Agent27,Task16,I will complete task16.,I did not complete task16.,1
784,Agent49,Task34,I will complete task34.,I completed task34.,0
785,Agent13,Task2,I won’t complete task2.,I did not complete task2.,0
786,Agent33,Task35,I won’t complete task35.,I completed task35.,1
787,Agent34,Task40,I will complete task40.,I completed task40.,0
788,Agent41,Task28,I won’t complete task28.,I did not complete task28.,0
789,Agent35,Task47,I will complete task47.,I did not complete task47.,1
790,Agent1,Task39,I will complete task39.,I did not complete task39.,1
791,Agent21,Task6,I won’t complete task6.,I completed task6.,1
792,Agent48,Task9,I will complete task9.,I completed task9.,0
793,Agent6,Task20,I won’t complete task20.,I did not complete task20.,0
794,Agent28,Task1,I will complete task1.,I did not complete task1.,1
795,Agent17,Task8,I won’t complete task8.,I did not complete task8.,0
796,Agent5,Task23,I won’t complete task23.,I did not complete task23.,0
797,Agent31,Task3,I won’t complete task3.,I completed task3.,1
798,Agent5,Task4,I will complete task4.,I did not complete task4.,1
799,Agent38,Task25,I will complete task25.,I completed task25.,0
800,Agent3,Task47,I won’t complete task47.,I completed task47.,1
801,Agent23,Task38,I won’t complete task38.,I did not complete task38.,0
802,Agent37,Task15,I will complete task15.,I did not complete task15.,1
803,Agent37,Task21,I will complete task21.,I did not complete task21.,1
804,Agent10,Task35,I will complete task35.,I completed task35.,0
805,Agent10,Task46,I won’t complete task46.,I did not complete task46.,0
806,Agent19,Task14,I will complete task14.,I did not complete task14.,1
807,Agent17,Task36,I will complete task36.,I completed task36.,0
808,Agent21,Task12,I won’t complete task12.,I did not complete task12.,0
809,Agent14,Task17,I will complete task17.,I completed task17.,0
810,Agent9,Task39,I will complete task39.,I did not complete task39.,1
811,Agent46,Task9,I will complete task9.,I completed task9.,0
812,Agent1,Task35,I won’t complete task35.,I did not complete task35.,0
813,Agent45,Task13,I won’t complete task13.,I did not complete task13.,0
814,Agent13,Task15,I won’t complete task15.,I completed task15.,1
815,Agent4,Task18,I won’t complete task18.,I completed task18.,1
816,Agent1,Task33,I won’t complete task33.,I did not complete task33.,0
817,Agent49,Task6,I won’t complete task6.,I completed task6.,1
818,Agent40,Task27,I won’t complete task27.,I completed task27.,1
819,Agent32,Task23,I will complete task23.,I completed task23.,0
820,Agent34,Task27,I will complete task27.,I completed task27.,0
821,Agent28,Task34,I won’t complete task34.,I did not complete task34.,0
822,Agent31,Task46,I will complete task46.,I did not complete task46.,1
823,Agent8,Task38,I will complete task38.,I completed task38.,0
824,Agent39,Task14,I won’t complete task14.,I completed task14.,1
825,Agent26,Task36,I will complete task36.,I completed task36.,0
826,Agent34,Task8,I will complete task8.,I completed task8.,0
827,Agent3,Task35,I will complete task35.,I did not complete task35.,1
828,Agent50,Task19,I will complete task19.,I did not complete task19.,1
829,Agent12,Task30,I will complete task30.,I completed task30.,0
830,Agent1,Task14,I won’t complete task14.,I completed task14.,1
831,Agent44,Task20,I won’t complete task20.,I completed task20.,1
832,Agent5,Task49,I won’t complete task49.,I did not complete task49.,0
833,Agent30,Task25,I will complete task25.,I completed task25.,0
834,Agent30,Task40,I won’t complete task40.,I did not complete task40.,0
835,Agent17,Task24,I will complete task24.,I completed task24.,0
836,Agent48,Task14,I will complete task14.,I did not complete task14.,1
837,Agent47,Task26,I will complete task26.,I completed task26.,0
838,Agent23,Task38,I will complete task38.,I did not complete task38.,1
839,Agent15,Task23,I won’t complete task23.,I completed task23.,1
840,Agent37,Task22,I won’t complete task22.,I completed task22.,1
841,Agent21,Task48,I will complete task48.,I completed task48.,0
842,Agent14,Task19,I won’t complete task19.,I did not complete task19.,0
843,Agent2,Task46,I will complete task46.,I completed task46.,0
844,Agent11,Task3,I won’t complete task3.,I did not complete task3.,0
845,Agent39,Task42,I won’t complete task42.,I did not complete task42.,0
846,Agent38,Task19,I will complete task19.,I completed task19.,0
847,Agent34,Task9,I won’t complete task9.,I completed task9.,1
848,Agent38,Task28,I will complete task28.,I completed task28.,0
849,Agent50,Task20,I won’t complete task20.,I did not complete task20.,0
850,Agent34,Task45,I will complete task45.,I completed task45.,0
851,Agent18,Task7,I will complete task7.,I did not complete task7.,1
852,Agent30,Task14,I won’t complete task14.,I did not complete task14.,0
853,Agent15,Task9,I won’t complete task9.,I completed task9.,1
854,Agent27,Task19,I will complete task19.,I completed task19.,0
855,Agent34,Task47,I won’t complete task47.,I completed task47.,1
856,Agent38,Task14,I won’t complete task14.,I completed task14.,1
857,Agent33,Task38,I will complete task38.,I completed task38.,0
858,Agent24,Task36,I will complete task36.,I completed task36.,0
859,Agent15,Task40,I won’t complete task40.,I did not complete task40.,0
860,Agent30,Task17,I will complete task17.,I did not complete task17.,1
861,Agent42,Task30,I will complete task30.,I did not complete task30.,1
862,Agent17,Task9,I will complete task9.,I completed task9.,0
863,Agent5,Task33,I won’t complete task33.,I did not complete task33.,0
864,Agent29,Task25,I won’t complete task25.,I did not complete task25.,0
865,Agent4,Task14,I will complete task14.,I did not complete task14.,1
866,Agent10,Task11,I won’t complete task11.,I did not complete task11.,0
867,Agent17,Task35,I will complete task35.,I did not complete task35.,1
868,Agent10,Task41,I won’t complete task41.,I completed task41.,1
869,Agent17,Task14,I will complete task14.,I completed task14.,0
870,Agent20,Task30,I will complete task30.,I did not complete task30.,1
871,Agent24,Task41,I won’t complete task41.,I did not complete task41.,0
872,Agent5,Task4,I will complete task4.,I did not complete task4.,1
873,Agent34,Task4,I won’t complete task4.,I completed task4.,1
874,Agent6,Task28,I won’t complete task28.,I completed task28.,1
875,Agent2,Task8,I will complete task8.,I did not complete task8.,1
876,Agent13,Task2,I will complete task2.,I completed task2.,0
877,Agent43,Task41,I won’t complete task41.,I completed task41.,1
878,Agent43,Task46,I will complete task46.,I did not complete task46.,1
879,Agent48,Task22,I will complete task22.,I completed task22.,0
880,Agent11,Task41,I will complete task41.,I completed task41.,0
881,Agent47,Task16,I will complete task16.,I did not complete task16.,1
882,Agent23,Task29,I will complete task29.,I completed task29.,0
883,Agent16,Task49,I won’t complete task49.,I completed task49.,1
884,Agent31,Task48,I won’t complete task48.,I did not complete task48.,0
885,Agent11,Task30,I will complete task30.,I completed task30.,0
886,Agent16,Task12,I will complete task12.,I completed task12.,0
887,Agent8,Task35,I will complete task35.,I did not complete task35.,1
888,Agent4,Task11,I won’t complete task11.,I did not complete task11.,0
889,Agent40,Task46,I will complete task46.,I did not complete task46.,1
890,Agent4,Task50,I won’t complete task50.,I completed task50.,1
891,Agent25,Task21,I won’t complete task21.,I did not complete task21.,0
892,Agent3,Task21,I won’t complete task21.,I completed task21.,1
893,Agent32,Task5,I will complete task5.,I did not complete task5.,1
894,Agent3,Task48,I won’t complete task48.,I completed task48.,1
895,Agent27,Task20,I will complete task20.,I did not complete task20.,1
896,Agent29,Task37,I won’t complete task37.,I did not complete task37.,0
897,Agent32,Task3,I will complete task3.,I did not complete task3.,1
898,Agent50,Task44,I won’t complete task44.,I did not complete task44.,0
899,Agent19,Task33,I will complete task33.,I completed task33.,0
900,Agent21,Task9,I won’t complete task9.,I did not complete task9.,0
901,Agent5,Task9,I will complete task9.,I did not complete task9.,1
902,Agent18,Task4,I will complete task4.,I completed task4.,0
903,Agent28,Task35,I will complete task35.,I did not complete task35.,1
904,Agent42,Task17,I will complete task17.,I completed task17.,0
905,Agent22,Task34,I won’t complete task34.,I did not complete task34.,0
906,Agent21,Task24,I won’t complete task24.,I did not complete task24.,0
907,Agent6,Task32,I will complete task32.,I did not complete task32.,1
908,Agent1,Task1,I won’t complete task1.,I completed task1.,1
909,Agent5,Task8,I will complete task8.,I did not complete task8.,1
910,Agent41,Task45,I will complete task45.,I did not complete task45.,1
911,Agent12,Task23,I won’t complete task23.,I did not complete task23.,0
912,Agent26,Task47,I will complete task47.,I completed task47.,0
913,Agent46,Task40,I will complete task40.,I completed task40.,0
914,Agent34,Task12,I won’t complete task12.,I did not complete task12.,0
915,Agent49,Task12,I will complete task12.,I completed task12.,0
916,Agent14,Task46,I will complete task46.,I did not complete task46.,1
917,Agent26,Task47,I will complete task47.,I did not complete task47.,1
918,Agent45,Task15,I will complete task15.,I did not complete task15.,1
919,Agent27,Task41,I won’t complete task41.,I did not complete task41.,0
920,Agent9,Task19,I won’t complete task19.,I did not complete task19.,0
921,Agent26,Task26,I won’t complete task26.,I did not complete task26.,0
922,Agent47,Task29,I will complete task29.,I did not complete task29.,1
923,Agent22,Task22,I will complete task22.,I completed task22.,0
924,Agent47,Task40,I won’t complete task40.,I completed task40.,1
925,Agent30,Task21,I will complete task21.,I completed task21.,0
926,Agent43,Task38,I will complete task38.,I completed task38.,0
927,Agent48,Task20,I will complete task20.,I completed task20.,0
928,Agent17,Task29,I will complete task29.,I completed task29.,0
929,Agent26,Task4,I won’t complete task4.,I completed task4.,1
930,Agent36,Task7,I won’t complete task7.,I did not complete task7.,0
931,Agent1,Task28,I won’t complete task28.,I did not complete task28.,0
932,Agent8,Task28,I will complete task28.,I did not complete task28.,1
933,Agent49,Task4,I won’t complete task4.,I did not complete task4.,0
934,Agent35,Task22,I won’t complete task22.,I completed task22.,1
935,Agent15,Task12,I will complete task12.,I completed task12.,0
936,Agent47,Task45,I will complete task45.,I did not complete task45.,1
937,Agent22,Task3,I won’t complete task3.,I did not complete task3.,0
938,Agent14,Task22,I won’t complete task22.,I completed task22.,1
939,Agent26,Task44,I won’t complete task44.,I did not complete task44.,0
940,Agent28,Task2,I won’t complete task2.,I did not complete task2.,0
941,Agent23,Task24,I will complete task24.,I did not complete task24.,1
942,Agent14,Task34,I won’t complete task34.,I did not complete task34.,0
943,Agent24,Task27,I won’t complete task27.,I completed task27.,1
944,Agent2,Task41,I will complete task41.,I did not complete task41.,1
945,Agent45,Task1,I won’t complete task1.,I did not complete task1.,0
946,Agent26,Task8,I will complete task8.,I completed task8.,0
947,Agent14,Task23,I will complete task23.,I completed task23.,0
948,Agent7,Task38,I will complete task38.,I did not complete task38.,1
949,Agent3,Task6,I won’t complete task6.,I completed task6.,1
950,Agent47,Task22,I won’t complete task22.,I did not complete task22.,0
951,Agent23,Task25,I will complete task25.,I did not complete task25.,1
952,Agent46,Task18,I won’t complete task18.,I completed task18.,1
953,Agent43,Task17,I won’t complete task17.,I did not complete task17.,0
954,Agent47,Task12,I will complete task12.,I did not complete task12.,1
955,Agent45,Task6,I will complete task6.,I did not complete task6.,1
956,Agent18,Task26,I won’t complete task26.,I did not complete task26.,0
957,Agent38,Task27,I will complete task27.,I completed task27.,0
958,Agent35,Task8,I won’t complete task8.,I completed task8.,1
959,Agent15,Task19,I won’t complete task19.,I did not complete task19.,0
960,Agent25,Task42,I won’t complete task42.,I completed task42.,1
961,Agent37,Task1,I won’t complete task1.,I did not complete task1.,0
962,Agent28,Task29,I will complete task29.,I did not complete task29.,1
963,Agent10,Task45,I will complete task45.,I did not complete task45.,1
964,Agent39,Task49,I will complete task49.,I did not complete task49.,1
965,Agent17,Task35,I will complete task35.,I did not complete task35.,1
966,Agent39,Task40,I won’t complete task40.,I completed task40.,1
967,Agent22,Task14,I won’t complete task14.,I did not complete task14.,0
968,Agent26,Task35,I will complete task35.,I completed task35.,0
969,Agent44,Task48,I won’t complete task48.,I completed task48.,1
970,Agent25,Task45,I won’t complete task45.,I did not complete task45.,0
971,Agent17,Task20,I won’t complete task20.,I did not complete task20.,0
972,Agent13,Task49,I will complete task49.,I did not complete task49.,1
973,Agent20,Task13,I will complete task13.,I did not complete task13.,1
974,Agent25,Task38,I will complete task38.,I did not complete task38.,1
975,Agent4,Task49,I won’t complete task49.,I completed task49.,1
976,Agent10,Task46,I will complete task46.,I did not complete task46.,1
977,Agent3,Task49,I will complete task49.,I did not complete task49.,1
978,Agent41,Task8,I will complete task8.,I completed task8.,0
979,Agent45,Task43,I will complete task43.,I completed task43.,0
980,Agent18,Task20,I will complete task20.,I did not complete task20.,1
981,Agent47,Task33,I will complete task33.,I completed task33.,0
982,Agent36,Task26,I won’t complete task26.,I did not complete task26.,0
983,Agent47,Task39,I won’t complete task39.,I completed task39.,1
984,Agent22,Task21,I will complete task21.,I completed task21.,0
985,Agent34,Task49,I will complete task49.,I did not complete task49.,1
986,Agent47,Task42,I won’t complete task42.,I completed task42.,1
987,Agent8,Task43,I won’t complete task43.,I completed task43.,1
988,Agent40,Task41,I will complete task41.,I completed task41.,0
989,Agent49,Task9,I will complete task9.,I completed task9.,0
990,Agent44,Task24,I will complete task24.,I completed task24.,0
991,Agent19,Task37,I will complete task37.,I completed task37.,0
992,Agent42,Task49,I won’t complete task49.,I did not complete task49.,0
993,Agent41,Task41,I will complete task41.,I did not complete task41.,1
994,Agent37,Task17,I will complete task17.,I completed task17.,0
995,Agent6,Task24,I will complete task24.,I did not complete task24.,1
996,Agent26,Task21,I will complete task21.,I did not complete task21.,1
997,Agent34,Task39,I won’t complete task39.,I did not complete task39.,0
998,Agent45,Task41,I won’t complete task41.,I completed task41.,1
999,Agent6,Task39,I won’t complete task39.,I did not complete task39.,0
1000,Agent37,Task13,I will complete task13.,I completed task13.,0
